Dataset,Model,Num Classes,Train Samples,Test Samples,Accuracy (%),Precision (%),Recall (%),F1-Score (%),Inference Time (s),Probe Train Time (s),Total Time (s),Throughput (img/s),Latency per Image (ms),Parameters (M),Trainable Params (M),Model Size (MB),Peak RAM (MB),Train Acc Epoch1 (%),Train Acc Epoch2 (%),Train Acc Epoch3 (%)
102flowers,ResNet50,1,6551,1638,100.0,100.0,100.0,100.0,238.71,3303.01,3541.72,6.86,138.398,25.56,0.0,97.7,1616.73,100.0,100.0,100.0
102flowers,EfficientNet-B0,1,6551,1638,100.0,100.0,100.0,100.0,91.91,1688.25,1780.16,17.82,54.297,5.29,0.0,20.33,1463.81,100.0,100.0,100.0
102flowers,MobileNet-V3,1,6551,1638,100.0,100.0,100.0,100.0,61.55,368.41,429.96,26.61,8.44,2.54,0.59,9.75,719.07,100.0,100.0,100.0
102flowers,Swin-T,1,6551,1638,100.0,100.0,100.0,100.0,245.6,3374.34,3619.94,6.67,139.824,28.29,0.0,108.13,2105.69,100.0,100.0,100.0
102flowers,ConvNeXt-Tiny,1,6551,1638,100.0,100.0,100.0,100.0,170.11,2395.23,2565.34,9.63,99.931,28.59,0.0,109.06,1828.56,100.0,100.0,100.0
102flowers,MobileViT-S,1,6551,1638,100.0,100.0,100.0,100.0,56.05,1059.69,1115.74,29.23,18.118,3.5,0.0,13.5,1386.63,100.0,100.0,100.0
102flowers,DenseNet121,1,6551,1638,100.0,100.0,100.0,100.0,177.25,2860.08,3037.33,9.24,88.591,7.98,0.0,30.76,1583.97,100.0,100.0,100.0
102flowers,ShuffleNet-V2,1,6551,1638,100.0,100.0,100.0,100.0,32.41,527.84,560.25,50.55,15.609,2.28,0.0,8.75,859.22,100.0,100.0,100.0
Food-101,ResNet50,101,80800,20200,62.08,62.54,62.14,61.7,2244.8,32480.54,34725.34,9.0,111.265,25.56,0.21,97.7,1640.58,47.53,62.43,67.2
Food-101,EfficientNet-B0,101,80800,20200,54.22,54.23,54.19,53.52,764.06,14046.44,14810.5,26.44,39.629,5.29,0.13,20.33,1495.5,41.3,50.8,53.25
Food-101,MobileNet-V3,101,80800,20200,51.51,52.99,51.47,51.08,211.56,3528.78,3740.34,95.48,6.78,2.54,0.69,9.75,748.19,40.21,49.8,53.43
Food-101,Swin-T,101,80800,20200,72.27,72.77,72.27,72.18,2938.83,34012.15,36950.98,6.87,141.039,28.29,0.08,108.13,2125.51,58.3,67.83,70.45
Food-101,ConvNeXt-Tiny,101,80800,20200,73.67,74.31,73.61,73.57,1952.81,25221.13,27173.94,10.34,99.266,28.59,0.08,109.06,1875.8,62.51,72.69,75.02
Food-101,MobileViT-S,101,80800,20200,55.58,55.97,55.62,55.0,596.12,11688.8,12284.92,33.89,16.427,3.5,0.13,13.5,1427.45,42.1,52.96,55.51
Food-101,DenseNet121,101,80800,20200,58.27,60.57,58.43,57.83,2291.93,34579.16,36871.09,8.81,92.525,7.98,0.1,30.76,1642.49,45.63,57.54,60.13
Food-101,ShuffleNet-V2,101,80800,20200,44.16,45.78,44.31,41.6,367.22,5879.06,6246.28,55.01,15.809,2.28,0.1,8.75,918.53,28.68,40.24,43.39
ImageNet-Mini,ResNet50,1000,27796,6949,72.46,73.17,72.07,70.34,795.2,11207.68,12002.88,8.74,112.97,25.56,2.05,97.7,1626.92,35.43,87.31,95.6
ImageNet-Mini,EfficientNet-B0,1000,27796,6949,69.54,70.59,69.48,67.92,266.74,4721.95,4988.69,26.05,40.711,5.29,1.28,20.33,1507.7,41.96,76.4,84.3
ImageNet-Mini,MobileNet-V3,1000,27796,6949,44.42,48.65,44.2,42.24,65.23,1188.6,1253.83,106.53,6.689,2.54,1.62,9.75,757.59,25.79,57.97,70.86
ImageNet-Mini,Swin-T,1000,27796,6949,84.85,85.0,84.79,83.53,993.16,11684.15,12677.31,7.0,145.412,28.29,0.77,108.13,2130.16,63.11,86.77,90.64
ImageNet-Mini,ConvNeXt-Tiny,1000,27796,6949,89.42,89.77,89.57,88.58,666.11,8664.9,9331.01,10.43,101.199,28.59,0.77,109.06,1878.54,74.29,93.29,96.48
ImageNet-Mini,MobileViT-S,1000,27796,6949,62.37,65.29,62.47,60.76,207.84,4046.41,4254.25,33.43,19.355,3.5,1.28,13.5,1402.78,34.56,73.45,82.42
ImageNet-Mini,DenseNet121,1000,27796,6949,64.77,69.54,64.78,63.02,757.6,11808.75,12566.35,9.17,92.053,7.98,1.02,30.76,1631.99,34.12,72.94,82.5
ImageNet-Mini,ShuffleNet-V2,1000,27796,6949,20.31,24.65,18.6,16.48,116.63,1891.98,2008.61,59.58,15.893,2.28,1.02,8.75,897.32,1.87,11.75,23.98
102flowers,ResNet50,1,6551,1638,100.0,100.0,100.0,100.0,166.81,1696.3,1863.11,9.82,132.028,25.56,0.0,97.7,1628.11,100.0,100.0,100.0
102flowers,EfficientNet-B0,1,6551,1638,100.0,100.0,100.0,100.0,56.64,813.29,869.93,28.92,45.26,5.29,0.0,20.33,1509.64,100.0,100.0,100.0
102flowers,MobileNet-V3,1,6551,1638,100.0,100.0,100.0,100.0,18.35,287.25,305.6,89.27,11.202,2.54,0.59,9.75,725.33,100.0,100.0,100.0
102flowers,ViT-B-16,1,6551,1638,100.0,100.0,100.0,100.0,301.79,3471.4,3773.19,5.43,329.029,86.57,0.0,330.23,1441.25,100.0,100.0,100.0
102flowers,Swin-T,1,6551,1638,100.0,100.0,100.0,100.0,142.78,2066.71,2209.49,11.47,101.84,28.29,0.0,108.13,2111.58,100.0,100.0,100.0
102flowers,ConvNeXt-Tiny,1,6551,1638,100.0,100.0,100.0,100.0,104.17,1306.24,1410.41,15.72,94.964,28.59,0.0,109.06,1858.43,100.0,100.0,100.0
102flowers,MobileViT-S,1,6551,1638,100.0,100.0,100.0,100.0,42.19,760.71,802.9,38.83,27.57,3.5,0.0,13.5,1395.46,100.0,100.0,100.0
102flowers,DenseNet121,1,6551,1638,100.0,100.0,100.0,100.0,98.86,1569.19,1668.05,16.57,78.769,7.98,0.0,30.76,1614.43,100.0,100.0,100.0
102flowers,ShuffleNet-V2,1,6551,1638,100.0,100.0,100.0,100.0,28.41,301.5,329.91,57.65,28.726,2.28,0.0,8.75,878.28,100.0,100.0,100.0
Food-101,ResNet50,101,80800,20200,61.74,62.21,61.82,61.36,1842.25,20048.04,21890.29,10.96,126.653,25.56,0.21,97.7,1649.27,47.73,62.49,67.45
Food-101,EfficientNet-B0,101,80800,20200,54.38,54.39,54.37,53.77,673.38,10343.69,11017.07,30.0,38.925,5.29,0.13,20.33,1503.01,41.31,50.81,53.18
Food-101,MobileNet-V3,101,80800,20200,51.18,53.0,51.21,50.66,223.06,3178.21,3401.27,90.56,16.806,2.54,0.69,9.75,767.65,40.19,50.0,53.51
Food-101,ViT-B-16,101,80800,20200,71.17,71.65,71.19,71.0,3601.28,42734.97,46336.25,5.61,219.39,86.57,0.08,330.23,1538.32,60.32,71.3,74.23
Food-101,Swin-T,101,80800,20200,72.53,73.11,72.52,72.44,2416.29,26223.5,28639.79,8.36,100.834,28.29,0.08,108.13,2142.08,58.2,67.74,70.37
Food-101,ConvNeXt-Tiny,101,80800,20200,73.58,74.21,73.57,73.5,1278.91,15752.29,17031.2,15.79,64.195,28.59,0.08,109.06,1882.16,62.43,72.72,75.04
Food-101,MobileViT-S,101,80800,20200,55.42,56.21,55.49,54.85,596.93,8736.73,9333.66,33.84,32.476,3.5,0.13,13.5,1434.4,41.92,53.16,55.46
Food-101,DenseNet121,101,80800,20200,58.11,60.8,58.18,57.87,1205.96,19439.62,20645.58,16.75,75.501,7.98,0.1,30.76,1670.79,45.23,57.65,60.29
Food-101,ShuffleNet-V2,101,80800,20200,44.44,45.2,44.58,42.11,324.44,4714.07,5038.51,62.26,24.448,2.28,0.1,8.75,929.01,28.74,40.13,43.31
ImageNet-Mini,ResNet50,1000,27796,6949,73.1,74.27,72.7,71.15,696.7,6994.39,7691.09,9.97,136.972,25.56,2.05,97.7,1629.51,35.09,87.71,95.3
ImageNet-Mini,EfficientNet-B0,1000,27796,6949,69.66,70.83,69.87,67.91,249.53,3479.23,3728.76,27.85,39.257,5.29,1.28,20.33,1520.32,41.79,76.48,84.59
ImageNet-Mini,MobileNet-V3,1000,27796,6949,44.32,48.79,43.68,42.09,66.85,1022.22,1089.07,103.94,12.71,2.54,1.62,9.75,764.46,26.13,58.02,70.84
ImageNet-Mini,ViT-B-16,1000,27796,6949,89.94,90.27,89.95,89.1,1223.37,14658.76,15882.13,5.68,336.818,86.57,0.77,330.23,1477.33,78.55,94.41,97.58
ImageNet-Mini,Swin-T,1000,27796,6949,84.75,85.2,84.81,83.59,741.36,9003.84,9745.2,9.37,161.145,28.29,0.77,108.13,2138.58,62.9,86.58,90.35
ImageNet-Mini,ConvNeXt-Tiny,1000,27796,6949,89.88,90.19,89.88,88.99,439.65,5348.31,5787.96,15.81,98.232,28.59,0.77,109.06,1887.49,74.45,93.5,96.38
ImageNet-Mini,MobileViT-S,1000,27796,6949,62.11,64.08,62.23,60.24,129.29,2976.62,3105.91,53.75,17.142,3.5,1.28,13.5,1413.07,34.35,73.78,82.56
ImageNet-Mini,DenseNet121,1000,27796,6949,65.03,69.34,64.68,63.02,411.36,6593.88,7005.24,16.89,76.354,7.98,1.02,30.76,1653.79,34.47,73.17,83.04
ImageNet-Mini,ShuffleNet-V2,1000,27796,6949,20.95,25.16,18.96,16.81,89.7,1540.33,1630.03,77.47,25.618,2.28,1.02,8.75,904.55,2.38,9.95,22.25
