Model,Parameters (M),Model Size (MB),Latency Mean (ms),Latency Std (ms),Throughput (img/s),RAM Usage (MB)
MobileNet-V3,2.54,9.7,8.06,0.17,124.04,462.94
ShuffleNet-V2,2.28,8.69,15.9,0.88,62.88,475.71
EfficientNet-B0,5.29,20.17,22.17,0.63,45.11,523.11
DenseNet121,7.98,30.44,59.94,2.13,16.68,552.02
ConvNeXt-Tiny,28.59,109.06,39.13,0.34,25.56,725.6
Swin-T,28.29,107.91,58.97,0.63,16.96,761.07
ResNet50,25.56,97.49,43.32,0.98,23.09,776.94
ViT-B-16,86.57,330.23,98.32,1.19,10.17,1208.01
MobileViT-S,5.58,21.28,35.0,1.8,28.57,534.69
